,question,answer,correct,rt
0,mimi,I,True,74360.44499999844
1,nini,what,False,84806.60120001994
2,one,moja,False,95141.63749990985
3,word,neno,False,101807.68819991499
4,have,na,False,104984.06509985216
5,hot,moto,False,117113.82579989731
6,ninyi,you,True,122456.17999997921