,question,answer,correct,rt
0,I,mimi,False,72634.75239998661
1,you,ninyi,True,75914.11300003529
2,wakati,time,True,82457.43950002361
3,what,nini,True,87145.1587000629
4,kuwaambia,tell,True,89953.35249998607
5,have,na,True,92792.40150004625
6,one,moja,True,94939.13379998412
7,three,tatu,True,97560.67989999428
8,wanataka,want,False,113894.81259998865
9,neno,word,False,139584.76590004284
10,moto,hot,True,141380.69130002987
11,kuweka,set,True,146839.4290000433
12,air,hewa,False,156284.34909996577