,question,answer,correct,rt
0,moja,one,False,80782.70060010254
1,hot,moto,True,84594.93510005996
2,wakati,time,True,88765.056299977
3,tatu,three,False,97466.39259997755
4,tell,kuwaambia,False,101096.47870017216
5,have,na,False,105928.63490013406
6,word,neno,False,112141.79220004007
7,ninyi,you,True,115125.47230022028
8,mimi,I,False,121604.89090019837
9,set,kuweka,False,126543.33910020068
10,what,nini,True,130695.47939999029
