,question,answer,correct,rt
0,one,moja,False,96635.6327002868
1,I,mimi,True,103841.5760002099
2,set,kuweka,False,inf
3,ninyi,you,True,111313.5202000849
4,kuwaambia,tell,True,114173.75819990411
5,tatu,three,True,117154.63529992849
6,moto,hot,True,123512.03290000558
7,na,have,True,126359.0168999508
8,what,nini,False,inf
9,word,neno,True,156732.8845001757
10,time,wakati,False,159395.4227999784
